image,00,01,02,03,04,05,10,11,12,13,14,15,20,21,22,23,24,25,30,31,32,33,34,35,40,41,42,43,44,45,50,51,52,53,54,55
hwJUKjziH0.jpg,22,20,14,04,43,40,35,53,25,15,01,55,11,23,05,42,34,54,24,21,03,12,52,45,51,00,31,41,13,32,33,10,02,30,50,44
smzyIVQ4Ve.jpg,03,50,43,14,05,13,33,52,01,10,54,24,55,02,42,40,21,04,20,25,23,34,11,12,53,31,41,35,45,30,44,22,51,00,32,15
IT3H2QbaJY.jpg,55,25,43,10,33,20,22,13,54,01,52,31,04,53,21,34,02,44,45,24,40,50,15,03,05,14,00,42,11,41,12,23,30,51,35,32
Yceag6Ca0B.jpg,12,32,52,05,15,42,55,04,10,00,50,43,51,01,02,24,44,14,25,53,31,54,30,11,03,40,34,20,13,21,22,45,33,41,23,35
nDBcp5ZyPj.jpg,33,44,12,45,50,54,20,24,00,03,01,10,13,22,43,23,42,05,41,14,40,35,53,51,31,30,55,34,04,25,52,15,11,21,02,32
Zi6Z9N04aw.jpg,32,24,03,20,05,42,22,00,55,14,43,04,33,34,02,25,31,35,30,45,54,23,53,11,15,01,21,10,12,51,13,40,52,41,50,44
gJ8ZuLBMGw.jpg,03,14,20,52,25,24,11,45,01,00,02,21,10,43,41,42,30,04,33,31,40,50,55,51,15,32,44,23,34,22,12,54,05,53,35,13
zWJSjRnpNy.jpg,52,45,20,00,55,42,24,13,21,40,10,53,51,03,54,43,33,32,50,25,31,11,23,35,44,05,41,15,01,34,12,04,22,30,14,02
7i3HC8Bh5K.jpg,15,42,40,31,54,34,03,12,23,50,02,13,52,00,45,10,35,55,41,20,25,05,44,51,14,32,11,43,04,01,22,21,24,33,30,53
nFePVsSKyn.jpg,51,23,54,40,14,04,50,05,35,53,34,00,01,32,11,02,20,43,52,41,55,31,12,24,13,15,30,25,44,10,45,21,42,33,22,03
WB07lV99KS.jpg,03,24,30,41,04,34,15,50,31,23,32,13,55,22,00,52,53,21,01,11,35,12,44,10,43,33,51,40,02,54,45,05,20,25,14,42
LDoZU9XVPI.jpg,15,32,14,05,35,33,00,11,52,12,50,01,55,04,21,42,54,03,22,23,43,45,44,10,31,13,30,24,53,02,51,34,41,25,40,20
NqdtfOV2Rv.jpg,01,23,11,25,33,04,00,13,15,03,20,52,35,51,34,12,41,50,31,10,24,53,14,05,54,32,02,43,21,42,45,55,40,22,44,30
QXXTBriCkN.jpg,02,52,01,23,40,45,43,55,25,32,24,20,11,51,35,33,54,10,34,44,50,42,12,03,30,15,22,31,53,13,00,04,21,41,14,05
MGFqH54dwN.jpg,05,32,54,12,13,11,02,35,55,10,53,25,00,45,24,33,22,51,40,03,14,20,42,01,31,21,23,04,15,43,41,52,34,30,44,50
mtAygXE6xk.jpg,31,01,32,21,15,22,41,42,25,00,34,43,24,23,50,53,20,44,51,10,55,30,45,35,13,33,11,02,04,54,03,12,40,14,05,52
PHGhFGx7GL.jpg,11,24,34,02,44,45,05,25,53,50,33,42,12,54,41,40,30,21,20,00,43,55,32,04,13,15,10,01,52,23,51,22,03,14,31,35
6G2PvrkU40.jpg,30,54,41,05,03,11,10,04,15,35,51,52,24,20,45,25,33,53,14,21,40,43,32,50,23,12,01,44,13,31,42,34,55,00,02,22
6oNQYkpiFo.jpg,11,15,55,20,50,53,54,42,52,40,33,51,04,43,01,03,10,21,23,12,05,30,32,41,34,02,31,22,35,45,44,13,24,25,14,00
pvgt9F9GEl.jpg,32,51,20,52,24,31,45,14,01,13,23,00,54,53,11,30,55,43,21,33,03,04,50,40,42,02,35,05,15,12,22,10,41,44,34,25
E5KBnBdhtf.jpg,20,50,31,52,30,24,21,12,33,10,45,51,05,01,42,40,54,14,44,34,00,22,41,13,35,02,11,53,04,25,03,55,23,15,32,43
rI6a4Ob514.jpg,43,00,33,14,34,32,45,42,25,53,40,12,51,55,24,21,03,20,35,41,13,01,44,52,04,02,11,15,31,10,30,05,23,50,22,54
TOtZCLunkV.jpg,00,43,31,21,34,23,12,13,04,53,41,05,35,42,20,01,02,11,44,15,55,25,33,32,40,50,14,51,52,10,22,54,30,03,24,45
Bthq5CKRJL.jpg,30,03,15,10,01,11,13,20,32,22,05,14,33,00,50,21,54,44,41,12,43,23,34,55,51,40,31,45,53,25,24,35,02,52,04,42
yZyPxvb5gI.jpg,13,51,21,03,30,40,53,25,33,14,55,02,04,42,45,43,41,34,10,12,32,20,52,50,24,11,54,31,35,22,00,15,01,05,44,23
X6AkospUP5.jpg,55,11,00,15,23,20,21,40,53,02,12,13,51,41,34,10,54,22,33,25,01,44,04,43,05,32,45,35,31,03,52,42,14,30,50,24
9tryP2ZH8e.jpg,21,05,40,04,02,24,32,50,00,14,25,54,41,20,43,13,51,15,33,30,03,55,31,53,35,34,01,11,22,12,42,23,10,52,44,45
ldrop0QjyC.jpg,11,30,21,13,31,24,10,01,52,32,03,51,20,53,14,45,33,25,34,44,02,00,55,22,50,43,05,41,23,12,54,35,40,42,04,15
RFQTRSOdA9.jpg,03,25,11,24,42,05,54,55,12,35,45,01,10,40,31,00,51,02,41,15,53,23,14,21,52,50,13,22,44,43,30,04,32,20,34,33
WYKLRqBQvc.jpg,40,52,55,53,13,34,42,35,11,00,02,05,54,10,31,41,21,01,03,30,45,25,33,24,51,12,15,50,04,14,43,44,22,23,20,32
tRJ2gDVvqo.jpg,03,14,51,11,04,34,25,40,01,12,21,45,52,30,23,53,10,35,32,02,13,54,05,43,33,31,55,41,42,20,22,00,50,15,44,24
lmmTIaXa6B.jpg,05,02,14,23,24,44,03,50,53,21,51,41,22,04,12,11,00,42,15,43,01,35,20,52,13,10,31,25,55,32,33,34,54,45,40,30
3yEZUeBkBL.jpg,25,52,11,32,42,53,22,55,51,03,40,50,10,35,00,23,34,43,20,54,45,01,02,15,41,13,05,30,33,24,04,14,44,31,21,12
1rQOJG4dSf.jpg,54,01,53,05,55,30,34,51,00,35,04,52,22,31,40,20,11,33,10,42,23,21,25,45,12,41,14,03,15,24,50,44,02,32,43,13
AHkRdRMVQy.jpg,34,22,23,12,33,30,41,03,01,55,53,11,52,35,15,54,20,50,10,00,45,31,24,44,51,04,05,40,14,42,02,13,21,32,25,43
tM4vVp5BTA.jpg,20,01,53,34,32,43,22,11,35,45,00,25,02,42,54,31,44,41,33,55,51,24,21,23,04,03,52,10,14,05,15,30,40,13,50,12
uIa01Uu0iV.jpg,15,20,12,53,03,50,55,51,14,42,40,41,10,23,54,33,00,52,45,30,05,11,24,35,02,04,31,01,44,25,32,13,34,43,22,21
Iu5bduZv5I.jpg,00,54,43,15,30,34,12,32,45,42,04,01,35,41,20,03,05,40,51,11,14,52,22,02,44,25,24,31,21,33,23,55,53,10,50,13
nU1GhmXQI0.jpg,00,41,52,10,21,03,42,01,45,33,04,53,55,50,30,22,35,31,15,44,20,43,23,51,54,32,11,12,14,24,34,25,40,02,13,05
SUz63j56Z1.jpg,45,13,24,35,44,05,11,30,41,51,53,14,20,43,55,22,52,32,54,31,01,00,34,42,50,21,23,40,10,25,33,03,02,04,15,12
qdyJ6eXXoa.jpg,24,31,43,54,32,00,21,10,13,03,11,12,20,44,55,05,14,30,33,52,04,01,25,40,53,15,41,42,50,23,02,51,22,45,35,34
cN7bmM47dp.jpg,24,42,55,01,03,44,11,31,30,21,00,50,12,40,10,13,20,34,51,52,15,35,41,22,53,05,23,04,43,14,45,33,25,54,32,02
aroXfxwdU4.jpg,44,05,11,10,23,41,25,13,54,02,01,42,12,30,33,55,53,04,43,15,35,20,24,00,03,34,32,31,50,14,40,52,22,21,45,51
cpfepZKGbz.jpg,53,31,45,04,22,10,11,44,42,35,00,34,23,21,12,54,50,02,24,05,25,41,51,20,33,43,01,30,03,52,14,15,55,40,13,32
YIKBoj9ova.jpg,50,33,03,12,11,05,15,40,04,25,13,41,45,30,21,32,22,02,10,24,01,20,43,53,55,42,14,54,44,51,35,34,23,52,31,00
NgVyZastrd.jpg,22,14,21,12,00,03,02,15,35,24,40,20,04,05,01,13,41,30,23,10,50,25,34,44,55,43,51,42,53,11,31,32,33,54,45,52
vGb6fYPnH8.jpg,51,31,14,12,21,11,53,54,55,01,40,23,35,24,42,25,10,43,50,41,22,00,02,44,34,32,33,45,30,15,03,52,13,20,05,04
9QQQugapjX.jpg,50,01,32,52,21,13,24,00,33,55,22,30,54,20,43,11,51,41,15,44,04,34,35,45,42,25,10,31,53,23,05,02,03,12,14,40
NWh3Q3xKdv.jpg,40,14,00,30,44,33,01,55,35,20,15,42,32,22,13,25,34,04,10,11,43,24,12,51,05,31,23,52,53,50,45,02,41,54,21,03
4hbVaPgzuD.jpg,30,40,51,12,01,22,35,13,54,42,03,24,44,21,15,32,00,43,53,05,50,31,41,23,45,20,25,14,04,52,55,02,10,11,33,34
wnBSodkNHU.jpg,24,33,01,22,00,45,25,30,11,54,02,32,21,40,12,05,43,50,34,42,44,35,41,52,51,10,23,20,53,03,14,13,55,04,31,15
0nVFFYNPPB.jpg,13,54,20,10,41,42,05,35,14,22,23,25,11,15,01,43,12,53,24,40,34,55,31,02,50,44,30,45,32,21,04,03,00,51,52,33
4SumxGx87G.jpg,30,45,11,13,20,54,50,55,10,34,40,22,04,32,43,01,21,03,41,25,52,05,44,35,51,53,33,00,12,14,24,02,31,23,42,15
juMl4T7E3R.jpg,54,00,13,42,34,11,31,12,20,50,25,02,41,35,01,04,53,44,24,21,52,40,55,43,51,15,23,33,45,30,14,10,22,03,32,05
Crp33ftHNs.jpg,23,03,02,14,44,25,21,50,00,54,10,01,34,20,52,22,04,30,40,15,53,41,42,55,43,51,11,31,45,24,12,35,32,05,13,33
UsG1I8eSmn.jpg,02,22,50,54,45,53,13,01,15,11,14,32,51,23,24,41,52,10,21,42,31,04,00,20,44,05,43,30,25,55,35,03,34,40,12,33
8Hawu8MyRE.jpg,45,53,41,33,13,14,10,44,02,04,25,00,50,43,21,23,20,52,32,54,30,01,11,03,31,34,55,42,35,15,22,05,12,24,40,51
wewnr71qDZ.jpg,21,52,15,55,22,43,40,32,31,34,33,42,45,23,03,02,24,30,13,54,51,41,14,53,44,35,10,25,05,50,01,11,00,04,12,20
nJCAc9THiJ.jpg,10,50,41,54,30,25,15,20,04,05,42,03,34,35,51,53,14,12,02,00,31,44,52,01,23,55,24,43,45,21,32,40,22,33,11,13
MO0smKT3pK.jpg,25,32,30,11,23,44,51,22,35,15,12,20,03,52,10,43,40,31,21,42,14,13,01,54,04,55,33,34,45,05,02,50,41,53,24,00
4HnzFu7TJk.jpg,51,11,03,41,22,43,01,05,33,04,40,15,32,53,10,35,12,24,52,13,14,31,44,50,21,20,25,34,23,45,02,55,00,30,42,54
u5L1EiFyvb.jpg,12,33,01,11,45,44,20,51,23,53,00,35,40,24,34,30,55,10,22,54,25,13,02,05,04,15,03,52,21,50,43,14,41,32,42,31
024XOWrOBS.jpg,04,15,45,22,43,40,54,33,41,53,44,21,55,31,23,24,11,30,50,05,51,02,34,42,00,10,03,13,35,52,01,32,20,12,14,25
jVrzEd6DAL.jpg,45,43,11,53,02,22,31,23,05,25,03,51,44,50,20,35,52,15,41,00,34,12,32,40,10,54,21,33,14,55,30,01,04,13,24,42
76zSHIbYxJ.jpg,52,30,35,44,51,13,05,32,54,15,03,24,34,40,23,45,41,33,42,43,20,00,12,31,04,53,25,14,50,21,02,11,55,01,10,22
X04HGqjRYU.jpg,12,52,04,25,40,14,23,15,31,33,43,11,55,10,00,42,53,05,20,54,45,34,41,35,51,30,21,03,24,13,22,50,32,44,01,02
cX7lS9D89c.jpg,12,41,51,15,30,40,53,50,13,35,25,34,24,20,03,10,32,54,22,55,44,01,21,52,14,42,23,45,31,02,05,43,04,33,00,11
AB0yghkOTj.jpg,21,01,05,10,31,02,33,30,03,55,25,44,24,54,53,14,52,15,20,12,51,34,11,43,23,13,45,41,35,32,22,42,50,00,04,40
Ku8Dm3ToOS.jpg,05,24,15,01,10,14,54,42,03,55,11,53,45,50,02,40,23,31,20,35,33,44,22,25,34,13,32,00,43,30,04,52,12,51,21,41
8SGhRBE0CG.jpg,12,23,41,35,31,21,04,24,20,22,14,52,33,51,43,25,01,45,11,32,10,54,40,30,42,03,02,05,50,15,00,44,53,13,34,55
8l08FwNm1N.jpg,31,03,55,30,25,44,35,22,34,11,45,21,43,02,54,14,10,15,01,42,23,32,12,13,50,04,20,52,33,24,00,51,53,05,41,40
q2EpDYNED1.jpg,51,05,33,04,20,24,12,11,40,25,43,14,22,50,32,35,23,30,54,34,01,02,42,52,15,21,31,03,10,53,00,41,55,13,44,45
fKIjqtCn7z.jpg,23,33,05,51,41,01,25,55,44,02,21,32,24,34,50,12,15,53,00,43,30,31,22,10,20,13,42,54,03,52,11,35,14,40,45,04
aw443OeQQU.jpg,04,15,23,10,12,22,41,55,01,31,44,40,24,02,45,34,54,50,53,05,51,25,00,33,20,11,42,03,35,43,32,21,14,30,52,13
vf1TOjMLe1.jpg,12,04,40,15,25,41,24,03,10,14,20,35,51,54,33,34,23,22,50,01,00,53,52,21,45,30,44,42,55,11,02,13,05,43,31,32
qxGQEvLyEa.jpg,44,51,10,11,50,03,24,42,13,04,33,40,35,54,01,22,32,43,53,05,41,20,14,15,25,23,12,55,00,52,02,34,31,45,21,30
CRn7fh1Wbl.jpg,00,12,42,21,15,31,35,51,24,50,40,05,34,44,33,22,03,10,23,04,32,43,54,41,20,02,55,13,14,01,52,11,25,30,53,45
QQns81djfc.jpg,40,03,53,21,13,11,50,02,30,05,20,10,45,51,22,52,55,44,04,31,15,43,35,12,34,23,14,24,25,01,42,32,41,54,33,00
Hscyq7b9Qi.jpg,15,03,14,43,20,10,24,31,21,35,30,52,12,41,22,40,44,55,01,00,45,02,13,54,32,23,33,11,53,42,25,05,51,04,50,34
0IbMAEj3Mc.jpg,51,32,02,33,43,45,50,25,54,30,23,10,00,44,13,15,55,35,03,53,41,12,21,24,04,34,52,05,31,42,22,20,01,40,11,14
G6JgzFFNfo.jpg,23,34,32,50,14,24,12,40,42,43,54,31,04,15,45,22,11,52,44,51,05,30,41,21,01,55,35,33,20,02,10,25,03,53,13,00
gN9tSsATK3.jpg,24,52,23,32,40,42,15,45,33,34,25,54,53,55,02,04,11,21,14,30,31,44,22,03,05,01,13,51,50,20,43,35,10,41,00,12
2PCeGa6YUa.jpg,41,20,15,51,35,02,21,04,05,13,24,33,03,12,52,42,10,43,34,53,31,40,01,11,50,32,22,25,55,00,54,44,45,23,14,30
0lpw3kDDb7.jpg,14,03,30,42,13,45,50,25,20,51,54,22,53,05,23,34,31,44,11,15,35,21,52,00,43,04,02,33,40,12,01,10,41,24,32,55
BQwo3PAI6h.jpg,22,21,54,23,04,24,03,35,05,42,41,31,10,25,15,12,11,43,32,44,00,02,34,52,01,45,14,13,51,53,40,20,33,50,30,55
9WsZxKdIhW.jpg,31,01,42,05,30,23,53,02,10,44,03,11,41,50,33,25,21,20,04,43,00,24,52,22,45,12,40,55,14,54,35,15,32,13,51,34
ZIqxqGXS0b.jpg,34,54,11,20,51,23,42,52,13,03,31,22,35,10,30,44,00,15,25,43,55,41,32,12,05,45,04,53,02,21,50,01,40,14,33,24
OR4yGrHbE6.jpg,01,13,20,00,21,35,33,51,12,40,50,23,31,42,45,14,55,44,11,15,43,10,34,25,02,41,32,04,24,03,53,52,05,54,30,22
tWRu0vDhEz.jpg,55,15,53,23,24,01,33,11,45,22,52,20,13,14,43,42,25,05,34,10,44,40,03,02,21,54,00,04,30,51,31,35,41,50,32,12
kqzSmKycXV.jpg,11,41,03,34,00,24,31,22,21,23,20,10,30,45,50,05,35,53,01,13,33,51,44,42,32,02,52,15,14,40,04,55,43,25,12,54
sa3un3j7SO.jpg,31,13,50,33,21,00,34,25,55,05,24,14,52,03,23,35,02,22,40,15,42,44,41,12,54,45,30,04,10,01,53,11,43,32,51,20
0lR8whdv7u.jpg,02,14,45,23,11,01,55,12,25,30,32,53,54,03,42,15,50,24,43,05,20,21,41,52,40,00,51,34,33,35,22,13,31,04,44,10
vnuwfucWQo.jpg,13,22,05,32,04,45,20,54,51,34,15,14,31,25,10,03,23,44,55,00,12,24,40,53,41,52,11,43,42,50,35,30,21,01,33,02
SP3RSUMEtI.jpg,51,44,40,02,13,33,55,01,30,24,35,32,03,31,53,23,21,50,00,14,11,34,25,04,15,20,42,22,12,41,43,52,05,10,45,54
18JgpkiDOL.jpg,04,42,34,33,00,01,20,03,30,55,32,12,35,11,15,44,13,14,22,54,41,51,45,50,24,53,02,21,31,05,10,23,52,40,43,25
oSpFCAFQwT.jpg,41,04,03,33,24,42,00,40,34,25,12,31,14,45,53,51,13,02,01,22,32,30,43,21,20,52,55,23,05,11,50,54,15,44,35,10
DXsAm4YNMB.jpg,35,00,33,52,21,23,11,15,30,22,20,12,32,03,40,25,51,54,44,50,04,14,10,05,02,41,42,31,55,01,45,13,24,53,43,34
3HP9T1V8oW.jpg,50,23,22,13,55,43,10,34,45,02,32,15,33,12,35,20,11,21,00,14,05,03,31,01,51,24,25,40,41,30,52,04,42,44,53,54
SiANxfuaTb.jpg,45,31,15,12,05,54,11,41,14,13,10,25,00,40,24,53,23,51,50,20,52,42,21,35,03,04,32,34,01,02,43,22,44,33,55,30
